-- phpMyAdmin SQL Dump
-- version 5.1.1
-- https://www.phpmyadmin.net/
--
-- Hôte : 127.0.0.1
-- Généré le : ven. 13 mai 2022 à 15:33
-- Version du serveur : 10.4.21-MariaDB
-- Version de PHP : 8.0.12

SET SQL_MODE = "NO_AUTO_VALUE_ON_ZERO";
START TRANSACTION;
SET time_zone = "+00:00";


/*!40101 SET @OLD_CHARACTER_SET_CLIENT=@@CHARACTER_SET_CLIENT */;
/*!40101 SET @OLD_CHARACTER_SET_RESULTS=@@CHARACTER_SET_RESULTS */;
/*!40101 SET @OLD_COLLATION_CONNECTION=@@COLLATION_CONNECTION */;
/*!40101 SET NAMES utf8mb4 */;

--
-- Base de données : `timbreuse2022-1`
--

-- --------------------------------------------------------

--
-- Structure de la table `badge`
--

CREATE TABLE `badge` (
  `id_badge` bigint(20) NOT NULL,
  `id_user` int(11) NOT NULL
) ENGINE=InnoDB DEFAULT CHARSET=utf8 COLLATE=utf8_unicode_ci;

--
-- Déchargement des données de la table `badge`
--

INSERT INTO `badge` (`id_badge`, `id_user`) VALUES
(483985410385, 1),
(888888888888, 23),
(483985410415, 26),
(483985410388, 27),
(483985410389, 53),
(483985410390, 58),
(483985410391, 60),
(483985410392, 65),
(483985410393, 67),
(483985410394, 72),
(483985410395, 88),
(483985410396, 89),
(483985410397, 90),
(483985410398, 91);

-- --------------------------------------------------------

--
-- Structure de la table `log`
--

CREATE TABLE `log` (
  `date` datetime NOT NULL,
  `id_badge` bigint(20) NOT NULL,
  `inside` tinyint(1) DEFAULT NULL
) ENGINE=InnoDB DEFAULT CHARSET=utf8 COLLATE=utf8_unicode_ci;

--
-- Déchargement des données de la table `log`
--

INSERT INTO `log` (`date`, `id_badge`, `inside`) VALUES
('2022-02-18 15:28:35', 483985410385, 1),
('2022-02-18 15:28:49', 483985410385, 0),
('2022-03-10 16:02:03', 483985410385, 0),
('2022-03-10 16:02:57', 483985410385, 0),
('2022-03-10 16:06:25', 483985410385, 0),
('2022-03-10 16:07:15', 483985410385, 0),
('2022-03-10 16:31:22', 483985410385, 0),
('2022-03-10 16:31:28', 483985410385, 0),
('2022-03-10 16:31:30', 483985410385, 0),
('2022-03-10 16:43:26', 483985410385, 0),
('2022-03-11 09:07:10', 483985410385, 1),
('2022-03-11 12:38:17', 483985410385, 1),
('2022-03-11 12:48:56', 483985410385, 1),
('2022-03-11 12:54:01', 483985410385, 1),
('2022-03-11 13:00:44', 483985410385, 1),
('2022-03-11 13:07:11', 483985410385, 0),
('2022-03-11 13:07:24', 483985410385, 1),
('2022-03-11 13:07:52', 483985410385, 1),
('2022-03-11 13:08:03', 483985410385, 0),
('2022-03-11 13:08:15', 483985410385, 1),
('2022-03-11 13:08:27', 483985410385, 0),
('2022-03-11 13:11:40', 483985410385, 0),
('2022-03-11 13:12:10', 483985410385, 0),
('2022-03-11 13:12:36', 483985410385, 1),
('2022-03-11 13:12:50', 483985410385, 1),
('2022-03-11 13:17:37', 483985410385, 0),
('2022-03-11 13:19:00', 483985410385, 0),
('2022-03-11 13:19:13', 483985410385, 1),
('2022-03-11 13:19:27', 483985410385, 0),
('2022-03-11 13:19:48', 483985410385, 1),
('2022-03-11 13:20:04', 483985410385, 1),
('2022-03-11 13:20:19', 483985410385, 0),
('2022-03-11 13:25:33', 483985410385, 1),
('2022-03-11 13:26:36', 483985410385, 1),
('2022-03-11 13:26:51', 483985410385, 1),
('2022-03-11 13:30:02', 483985410385, 1),
('2022-03-11 13:30:37', 483985410385, 1),
('2022-03-11 14:47:17', 483985410385, 1),
('2022-03-11 14:47:31', 483985410385, 1),
('2022-03-11 14:48:01', 483985410385, 0),
('2022-03-11 14:48:14', 483985410385, 0),
('2022-03-11 15:00:45', 483985410385, 1),
('2022-03-11 15:02:04', 483985410385, 0),
('2022-03-11 15:09:41', 483985410385, 1),
('2022-03-11 15:09:51', 483985410385, 0),
('2022-03-11 15:33:24', 483985410385, 0),
('2022-03-11 15:33:35', 483985410385, 1),
('2022-03-11 15:34:08', 483985410385, 1),
('2022-03-11 15:39:52', 483985410385, 0),
('2022-03-11 15:40:03', 483985410385, 1),
('2022-03-11 15:45:10', 483985410385, 1),
('2022-03-14 13:25:45', 483985410385, 1),
('2022-03-18 09:29:46', 483985410385, 0),
('2022-03-18 09:29:57', 483985410385, 1),
('2022-03-18 09:30:08', 483985410385, 0),
('2022-03-18 09:30:19', 483985410385, 1),
('2022-03-18 09:31:04', 483985410385, 1),
('2022-03-18 09:31:15', 483985410385, 0),
('2022-03-18 09:31:26', 483985410385, 1),
('2022-03-18 09:35:04', 483985410385, 1),
('2022-03-18 09:35:14', 483985410385, 0),
('2022-03-18 09:35:25', 483985410385, 1),
('2022-03-18 09:35:37', 483985410385, 0),
('2022-04-04 08:08:51', 483985410385, 1),
('2022-04-04 16:09:34', 483985410385, 0),
('2022-04-05 08:08:51', 483985410385, 1),
('2022-04-05 16:09:34', 483985410385, 0),
('2022-04-06 08:08:51', 483985410385, 1),
('2022-04-06 16:09:34', 483985410385, 0),
('2022-04-07 08:08:51', 483985410385, 1),
('2022-04-07 16:09:34', 483985410385, 0),
('2022-04-08 08:08:51', 483985410385, 1),
('2022-04-08 16:09:34', 483985410385, 0),
('2022-04-08 16:23:26', 483985410385, 1),
('2022-04-08 16:23:54', 483985410385, 0),
('2022-04-11 10:08:57', 483985410385, 1),
('2022-04-11 10:09:21', 483985410385, 0),
('2022-04-11 11:07:02', 483985410385, 0),
('2022-04-11 11:07:22', 483985410385, 1),
('2022-04-11 11:07:32', 483985410385, 0),
('2022-04-12 15:06:40', 483985410385, 0),
('2022-04-12 15:07:08', 483985410385, 1),
('2022-04-12 15:07:57', 483985410385, 0),
('2022-04-13 14:27:36', 483985410385, 1),
('2022-04-13 14:28:01', 483985410385, 0),
('2022-04-14 14:19:54', 483985410385, 1),
('2022-04-14 14:20:14', 483985410385, 0),
('2022-04-19 15:17:13', 483985410385, 1),
('2022-04-19 16:18:46', 483985410385, 0),
('2022-04-25 08:08:51', 483985410385, 1),
('2022-04-25 15:38:43', 483985410385, 1),
('2022-04-25 15:38:54', 483985410385, 0),
('2022-04-25 16:09:34', 483985410385, 0),
('2022-04-26 08:08:51', 483985410385, 1),
('2022-04-26 16:09:34', 483985410385, 0),
('2022-04-27 08:08:51', 483985410385, 1),
('2022-04-27 16:09:34', 483985410385, 0),
('2022-04-28 08:08:51', 483985410385, 1),
('2022-04-28 15:53:19', 483985410385, 1),
('2022-04-28 15:53:23', 483985410385, 0),
('2022-04-28 16:09:34', 483985410385, 0),
('2022-04-28 16:30:01', 483985410385, 1),
('2022-04-28 16:30:18', 483985410385, 0),
('2022-04-28 16:30:52', 483985410385, 1),
('2022-04-28 16:31:09', 483985410385, 0),
('2022-04-28 16:31:43', 483985410385, 1),
('2022-04-28 16:31:47', 483985410385, 0),
('2022-04-28 16:32:04', 483985410385, 1),
('2022-04-28 16:32:08', 483985410385, 0),
('2022-04-28 16:32:46', 483985410385, 1),
('2022-04-28 16:32:51', 483985410385, 0),
('2022-04-29 13:23:58', 483985410385, 1),
('2022-04-29 13:24:05', 483985410385, 0),
('2022-04-29 15:14:21', 483985410385, 1),
('2022-04-29 15:14:25', 483985410385, 0),
('2022-05-03 16:37:27', 483985410385, 1),
('2022-05-03 16:37:32', 483985410385, 0),
('2022-05-05 14:32:42', 483985410385, 1),
('2022-05-05 14:32:46', 483985410385, 0),
('2022-05-05 14:32:56', 483985410385, 1),
('2022-05-05 14:33:01', 483985410385, 0),
('2022-05-10 15:13:25', 483985410388, 1),
('2022-05-10 15:13:30', 483985410388, 0),
('2022-05-10 15:13:34', 483985410388, 1),
('2022-05-10 15:13:38', 483985410388, 0),
('2022-05-10 15:19:12', 483985410389, 1),
('2022-05-10 15:19:16', 483985410389, 0),
('2022-05-10 15:19:20', 483985410389, 1),
('2022-05-10 15:21:10', 483985410390, 1),
('2022-05-10 15:21:15', 483985410390, 0),
('2022-05-10 15:46:50', 483985410392, 1),
('2022-05-10 15:47:01', 483985410392, 0),
('2022-05-10 15:58:22', 483985410393, 1),
('2022-05-10 16:01:57', 483985410393, 1),
('2022-05-10 16:03:52', 483985410393, 1),
('2022-05-10 16:03:57', 483985410393, 0),
('2022-05-10 16:05:12', 483985410394, 1),
('2022-05-10 16:05:16', 483985410394, 0),
('2022-05-12 13:03:42', 483985410395, 1),
('2022-05-12 13:03:46', 483985410395, 0),
('2022-05-12 13:09:28', 483985410396, 1),
('2022-05-12 13:10:28', 483985410396, 0),
('2022-05-12 13:11:41', 483985410396, 1),
('2022-05-12 13:12:22', 483985410396, 0),
('2022-05-13 10:31:35', 483985410396, 1),
('2022-05-13 10:31:44', 483985410396, 1),
('2022-05-13 10:31:49', 483985410396, 0),
('2022-05-13 10:32:14', 483985410396, 1),
('2022-05-13 10:41:31', 483985410396, 1),
('2022-05-13 10:41:39', 483985410396, 1),
('2022-05-13 10:41:43', 483985410396, 0),
('2022-05-13 10:41:47', 483985410396, 1),
('2022-05-13 10:41:51', 483985410396, 0),
('2022-05-13 10:41:54', 483985410396, 1),
('2022-05-13 10:46:09', 483985410396, 0),
('2022-05-13 10:46:13', 483985410396, 1),
('2022-05-13 13:31:27', 483985410396, 1),
('2022-05-13 13:31:31', 483985410396, 0),
('2022-05-13 13:33:02', 483985410397, 1),
('2022-05-13 13:33:09', 483985410397, 0),
('2022-05-13 13:54:08', 483985410396, 1),
('2022-05-13 13:54:12', 483985410396, 0);

-- --------------------------------------------------------

--
-- Structure de la table `user`
--

CREATE TABLE `user` (
  `id_user` int(11) NOT NULL,
  `name` text COLLATE utf8_unicode_ci NOT NULL,
  `surname` text COLLATE utf8_unicode_ci NOT NULL
) ENGINE=InnoDB DEFAULT CHARSET=utf8 COLLATE=utf8_unicode_ci;

--
-- Déchargement des données de la table `user`
--

INSERT INTO `user` (`id_user`, `name`, `surname`) VALUES
(1, 'Jean', 'Delaba'),
(23, 'fakename', 'fakesurname'),
(26, 'test', 'man'),
(27, 'aaaaa', 'dsss'),
(53, 'SRfj', 'gjfgH'),
(58, 'Hdjb', 'Afhh'),
(60, 'Ma', 'La'),
(65, 'Mdgg', 'Ahd'),
(67, 'Ta', 'Yan'),
(72, 'Lol', 'Wow'),
(88, 'qqq', 'jjj'),
(89, 'David', 'George'),
(90, 'V', 'A'),
(91, 'B', 'A');

--
-- Index pour les tables déchargées
--

--
-- Index pour la table `badge`
--
ALTER TABLE `badge`
  ADD PRIMARY KEY (`id_badge`),
  ADD UNIQUE KEY `id_user` (`id_user`);

--
-- Index pour la table `log`
--
ALTER TABLE `log`
  ADD PRIMARY KEY (`date`),
  ADD KEY `id_badge` (`id_badge`);

--
-- Index pour la table `user`
--
ALTER TABLE `user`
  ADD PRIMARY KEY (`id_user`);

--
-- AUTO_INCREMENT pour les tables déchargées
--

--
-- AUTO_INCREMENT pour la table `user`
--
ALTER TABLE `user`
  MODIFY `id_user` int(11) NOT NULL AUTO_INCREMENT, AUTO_INCREMENT=92;

--
-- Contraintes pour les tables déchargées
--

--
-- Contraintes pour la table `badge`
--
ALTER TABLE `badge`
  ADD CONSTRAINT `badge_ibfk_1` FOREIGN KEY (`id_user`) REFERENCES `user` (`id_user`);

--
-- Contraintes pour la table `log`
--
ALTER TABLE `log`
  ADD CONSTRAINT `log_ibfk_1` FOREIGN KEY (`id_badge`) REFERENCES `badge` (`id_badge`);
COMMIT;

/*!40101 SET CHARACTER_SET_CLIENT=@OLD_CHARACTER_SET_CLIENT */;
/*!40101 SET CHARACTER_SET_RESULTS=@OLD_CHARACTER_SET_RESULTS */;
/*!40101 SET COLLATION_CONNECTION=@OLD_COLLATION_CONNECTION */;
